Summary,Issue key,Issue id,Issue Type,Status,Project key,Project name,Project type,Project lead,Project lead id,Project description,Priority,Resolution,Assignee,Assignee Id,Reporter,Reporter Id,Creator,Creator Id,Created,Updated,Last Viewed,Resolved,Due date,Votes,Labels,Description,Environment,Watchers,Watchers Id,Original estimate,Remaining Estimate,Time Spent,Work Ratio,Σ Original Estimate,Σ Remaining Estimate,Σ Time Spent,Security Level,Custom field (Development),Custom field (Issue color),Custom field (Rank),Custom field (Start date),Custom field (Team),Custom field (Vulnerability),Parent,Parent key,Parent summary,Status Category,Status Category Changed
Cost tracking per prompt version,FRBP2-79,10425,Task,To Do,FRBP2,FCS RAG Bot - Phase 2,software,Miles Waite,70121:94969bbc-eef7-4b93-99d7-210bad207087,,Medium,,,,Miles Waite,70121:94969bbc-eef7-4b93-99d7-210bad207087,Miles Waite,70121:94969bbc-eef7-4b93-99d7-210bad207087,24/Jan/26 9:21 PM,24/Jan/26 9:50 PM,,,,0,monitoring;cost-tracking,Track costs associated with each prompt version.,,Miles Waite,70121:94969bbc-eef7-4b93-99d7-210bad207087,,,,,,,,,,,0|i0011z:,,,,10370,FRBP2-24,Monitoring & Analytics Dashboards,To Do,24/Jan/26 9:21 PM
Alerting for prompt degradation,FRBP2-78,10424,Task,To Do,FRBP2,FCS RAG Bot - Phase 2,software,Miles Waite,70121:94969bbc-eef7-4b93-99d7-210bad207087,,Medium,,,,Miles Waite,70121:94969bbc-eef7-4b93-99d7-210bad207087,Miles Waite,70121:94969bbc-eef7-4b93-99d7-210bad207087,24/Jan/26 9:21 PM,24/Jan/26 9:50 PM,,,,0,monitoring;alerting,Set up alerts when prompt quality degrades.,,Miles Waite,70121:94969bbc-eef7-4b93-99d7-210bad207087,,,,,,,,,,,0|i0011r:,,,,10370,FRBP2-24,Monitoring & Analytics Dashboards,To Do,24/Jan/26 9:21 PM
Real-time prompt monitoring,FRBP2-77,10423,Task,To Do,FRBP2,FCS RAG Bot - Phase 2,software,Miles Waite,70121:94969bbc-eef7-4b93-99d7-210bad207087,,Medium,,,,Miles Waite,70121:94969bbc-eef7-4b93-99d7-210bad207087,Miles Waite,70121:94969bbc-eef7-4b93-99d7-210bad207087,24/Jan/26 9:21 PM,24/Jan/26 9:50 PM,,,,0,monitoring;real-time,Monitor prompts in real-time for issues.,,Miles Waite,70121:94969bbc-eef7-4b93-99d7-210bad207087,,,,,,,,,,,0|i0011j:,,,,10370,FRBP2-24,Monitoring & Analytics Dashboards,To Do,24/Jan/26 9:21 PM
Prompt performance dashboards,FRBP2-76,10422,Task,To Do,FRBP2,FCS RAG Bot - Phase 2,software,Miles Waite,70121:94969bbc-eef7-4b93-99d7-210bad207087,,Medium,,,,Miles Waite,70121:94969bbc-eef7-4b93-99d7-210bad207087,Miles Waite,70121:94969bbc-eef7-4b93-99d7-210bad207087,24/Jan/26 9:21 PM,24/Jan/26 9:50 PM,,,,0,monitoring;analytics,Create dashboards to visualize prompt performance metrics.,,Miles Waite,70121:94969bbc-eef7-4b93-99d7-210bad207087,,,,,,,,,,,0|i0011b:,,,,10370,FRBP2-24,Monitoring & Analytics Dashboards,To Do,24/Jan/26 9:21 PM
Prompt personalization per user/tenant,FRBP2-75,10421,Task,To Do,FRBP2,FCS RAG Bot - Phase 2,software,Miles Waite,70121:94969bbc-eef7-4b93-99d7-210bad207087,,Medium,,,,Miles Waite,70121:94969bbc-eef7-4b93-99d7-210bad207087,Miles Waite,70121:94969bbc-eef7-4b93-99d7-210bad207087,24/Jan/26 9:21 PM,24/Jan/26 9:50 PM,,,,0,prompt-engineering;personalization,Customize prompts based on user or tenant preferences.,,Miles Waite,70121:94969bbc-eef7-4b93-99d7-210bad207087,,,,,,,,,,,0|i00113:,,,,10369,FRBP2-23,Advanced Prompt Features,To Do,24/Jan/26 9:21 PM
Prompt templates for different query types,FRBP2-74,10420,Task,To Do,FRBP2,FCS RAG Bot - Phase 2,software,Miles Waite,70121:94969bbc-eef7-4b93-99d7-210bad207087,,Medium,,,,Miles Waite,70121:94969bbc-eef7-4b93-99d7-210bad207087,Miles Waite,70121:94969bbc-eef7-4b93-99d7-210bad207087,24/Jan/26 9:21 PM,24/Jan/26 9:50 PM,,,,0,prompt-engineering;templating,Create specialized templates for different query types.,,Miles Waite,70121:94969bbc-eef7-4b93-99d7-210bad207087,,,,,,,,,,,0|i0010v:,,,,10369,FRBP2-23,Advanced Prompt Features,To Do,24/Jan/26 9:21 PM
Dynamic few-shot example selection,FRBP2-73,10419,Task,To Do,FRBP2,FCS RAG Bot - Phase 2,software,Miles Waite,70121:94969bbc-eef7-4b93-99d7-210bad207087,,Medium,,,,Miles Waite,70121:94969bbc-eef7-4b93-99d7-210bad207087,Miles Waite,70121:94969bbc-eef7-4b93-99d7-210bad207087,24/Jan/26 9:21 PM,24/Jan/26 9:50 PM,,,,0,prompt-engineering;few-shot,Select examples dynamically based on query similarity.,,Miles Waite,70121:94969bbc-eef7-4b93-99d7-210bad207087,,,,,,,,,,,0|i0010n:,,,,10369,FRBP2-23,Advanced Prompt Features,To Do,24/Jan/26 9:21 PM
Multi-turn conversation context in prompts,FRBP2-72,10418,Task,To Do,FRBP2,FCS RAG Bot - Phase 2,software,Miles Waite,70121:94969bbc-eef7-4b93-99d7-210bad207087,,Medium,,,,Miles Waite,70121:94969bbc-eef7-4b93-99d7-210bad207087,Miles Waite,70121:94969bbc-eef7-4b93-99d7-210bad207087,24/Jan/26 9:21 PM,24/Jan/26 9:50 PM,,,,0,prompt-engineering;conversation,Add conversation history to prompts for better context.,,Miles Waite,70121:94969bbc-eef7-4b93-99d7-210bad207087,,,,,,,,,,,0|i0010f:,,,,10369,FRBP2-23,Advanced Prompt Features,To Do,24/Jan/26 9:21 PM
Update API documentation,FRBP2-71,10417,Task,To Do,FRBP2,FCS RAG Bot - Phase 2,software,Miles Waite,70121:94969bbc-eef7-4b93-99d7-210bad207087,,Medium,,,,Miles Waite,70121:94969bbc-eef7-4b93-99d7-210bad207087,Miles Waite,70121:94969bbc-eef7-4b93-99d7-210bad207087,24/Jan/26 9:21 PM,24/Jan/26 9:50 PM,,,,0,documentation;api,Update API docs with new endpoints and features.,,Miles Waite,70121:94969bbc-eef7-4b93-99d7-210bad207087,,,,,,,,,,,0|i00107:,,,,10368,FRBP2-22,Documentation & Knowledge Base Updates,To Do,24/Jan/26 9:21 PM
Document context injection system,FRBP2-70,10416,Task,To Do,FRBP2,FCS RAG Bot - Phase 2,software,Miles Waite,70121:94969bbc-eef7-4b93-99d7-210bad207087,,Medium,,,,Miles Waite,70121:94969bbc-eef7-4b93-99d7-210bad207087,Miles Waite,70121:94969bbc-eef7-4b93-99d7-210bad207087,24/Jan/26 9:21 PM,24/Jan/26 9:50 PM,,,,0,documentation;context-injection,Document how context injection works and how to use it.,,Miles Waite,70121:94969bbc-eef7-4b93-99d7-210bad207087,,,,,,,,,,,0|i000zz:,,,,10368,FRBP2-22,Documentation & Knowledge Base Updates,To Do,24/Jan/26 9:21 PM
Document Sentry breadcrumb structure,FRBP2-69,10415,Task,To Do,FRBP2,FCS RAG Bot - Phase 2,software,Miles Waite,70121:94969bbc-eef7-4b93-99d7-210bad207087,,Medium,,,,Miles Waite,70121:94969bbc-eef7-4b93-99d7-210bad207087,Miles Waite,70121:94969bbc-eef7-4b93-99d7-210bad207087,24/Jan/26 9:21 PM,24/Jan/26 9:50 PM,,,,0,documentation;sentry,Document how Sentry breadcrumbs are structured and used.,,Miles Waite,70121:94969bbc-eef7-4b93-99d7-210bad207087,,,,,,,,,,,0|i000zr:,,,,10368,FRBP2-22,Documentation & Knowledge Base Updates,To Do,24/Jan/26 9:21 PM
Document prompt versioning system,FRBP2-68,10414,Task,To Do,FRBP2,FCS RAG Bot - Phase 2,software,Miles Waite,70121:94969bbc-eef7-4b93-99d7-210bad207087,,Medium,,,,Miles Waite,70121:94969bbc-eef7-4b93-99d7-210bad207087,Miles Waite,70121:94969bbc-eef7-4b93-99d7-210bad207087,24/Jan/26 9:21 PM,24/Jan/26 9:50 PM,,,,0,documentation;prompt-management,Create documentation for prompt versioning features.,,Miles Waite,70121:94969bbc-eef7-4b93-99d7-210bad207087,,,,,,,,,,,0|i000zj:,,,,10368,FRBP2-22,Documentation & Knowledge Base Updates,To Do,24/Jan/26 9:21 PM
Regression testing for prompt changes,FRBP2-67,10413,Task,To Do,FRBP2,FCS RAG Bot - Phase 2,software,Miles Waite,70121:94969bbc-eef7-4b93-99d7-210bad207087,,Medium,,,,Miles Waite,70121:94969bbc-eef7-4b93-99d7-210bad207087,Miles Waite,70121:94969bbc-eef7-4b93-99d7-210bad207087,24/Jan/26 9:21 PM,24/Jan/26 9:50 PM,,,,0,testing;regression,Ensure prompt changes don't break existing functionality.,,Miles Waite,70121:94969bbc-eef7-4b93-99d7-210bad207087,,,,,,,,,,,0|i000zb:,,,,10367,FRBP2-21,Testing & Quality Assurance,To Do,24/Jan/26 9:21 PM
Automated prompt evaluation,FRBP2-66,10412,Task,To Do,FRBP2,FCS RAG Bot - Phase 2,software,Miles Waite,70121:94969bbc-eef7-4b93-99d7-210bad207087,,Medium,,,,Miles Waite,70121:94969bbc-eef7-4b93-99d7-210bad207087,Miles Waite,70121:94969bbc-eef7-4b93-99d7-210bad207087,24/Jan/26 9:21 PM,24/Jan/26 9:50 PM,,,,0,testing;automation,Implement automated evaluation system for prompts.,,Miles Waite,70121:94969bbc-eef7-4b93-99d7-210bad207087,,,,,,,,,,,0|i000z3:,,,,10367,FRBP2-21,Testing & Quality Assurance,To Do,24/Jan/26 9:21 PM
Create test cases for prompt variations,FRBP2-65,10411,Task,To Do,FRBP2,FCS RAG Bot - Phase 2,software,Miles Waite,70121:94969bbc-eef7-4b93-99d7-210bad207087,,Medium,,,,Miles Waite,70121:94969bbc-eef7-4b93-99d7-210bad207087,Miles Waite,70121:94969bbc-eef7-4b93-99d7-210bad207087,24/Jan/26 9:21 PM,24/Jan/26 9:49 PM,,,,0,testing;prompt-engineering,Develop test suite for different prompt variations.,,Miles Waite,70121:94969bbc-eef7-4b93-99d7-210bad207087,,,,,,,,,,,0|i000yv:,,,,10367,FRBP2-21,Testing & Quality Assurance,To Do,24/Jan/26 9:21 PM
Update documentation with model references,FRBP2-64,10410,Task,To Do,FRBP2,FCS RAG Bot - Phase 2,software,Miles Waite,70121:94969bbc-eef7-4b93-99d7-210bad207087,,Medium,,,,Miles Waite,70121:94969bbc-eef7-4b93-99d7-210bad207087,Miles Waite,70121:94969bbc-eef7-4b93-99d7-210bad207087,24/Jan/26 9:21 PM,24/Jan/26 9:49 PM,,,,0,infrastructure;documentation,Update docs to reflect configuration-based approach.,,Miles Waite,70121:94969bbc-eef7-4b93-99d7-210bad207087,,,,,,,,,,,0|i000yn:,,,,10366,FRBP2-20,Infrastructure & Code Quality Improvements,To Do,24/Jan/26 9:21 PM
Replace with configuration-based references,FRBP2-63,10409,Task,To Do,FRBP2,FCS RAG Bot - Phase 2,software,Miles Waite,70121:94969bbc-eef7-4b93-99d7-210bad207087,,Medium,,,,Miles Waite,70121:94969bbc-eef7-4b93-99d7-210bad207087,Miles Waite,70121:94969bbc-eef7-4b93-99d7-210bad207087,24/Jan/26 9:21 PM,24/Jan/26 9:49 PM,,,,0,infrastructure;code-quality,Update code to use configuration instead of hardcoded values.,,Miles Waite,70121:94969bbc-eef7-4b93-99d7-210bad207087,,,,,,,,,,,0|i000yf:,,,,10366,FRBP2-20,Infrastructure & Code Quality Improvements,To Do,24/Jan/26 9:21 PM
Search codebase for hardcoded model names,FRBP2-62,10408,Task,To Do,FRBP2,FCS RAG Bot - Phase 2,software,Miles Waite,70121:94969bbc-eef7-4b93-99d7-210bad207087,,Medium,,,,Miles Waite,70121:94969bbc-eef7-4b93-99d7-210bad207087,Miles Waite,70121:94969bbc-eef7-4b93-99d7-210bad207087,24/Jan/26 9:21 PM,24/Jan/26 9:49 PM,,,,0,infrastructure;code-quality,Find all hardcoded model references.,,Miles Waite,70121:94969bbc-eef7-4b93-99d7-210bad207087,,,,,,,,,,,0|i000y7:,,,,10366,FRBP2-20,Infrastructure & Code Quality Improvements,To Do,24/Jan/26 9:21 PM
Add ingestion performance metrics,FRBP2-61,10407,Task,To Do,FRBP2,FCS RAG Bot - Phase 2,software,Miles Waite,70121:94969bbc-eef7-4b93-99d7-210bad207087,,Medium,,,,Miles Waite,70121:94969bbc-eef7-4b93-99d7-210bad207087,Miles Waite,70121:94969bbc-eef7-4b93-99d7-210bad207087,24/Jan/26 9:21 PM,24/Jan/26 9:49 PM,,,,0,infrastructure;performance,Track ingestion performance and add metrics.,,Miles Waite,70121:94969bbc-eef7-4b93-99d7-210bad207087,,,,,,,,,,,0|i000xz:,,,,10366,FRBP2-20,Infrastructure & Code Quality Improvements,To Do,24/Jan/26 9:21 PM
Ensure ingestion doesn't depend on LLM provider,FRBP2-60,10406,Task,To Do,FRBP2,FCS RAG Bot - Phase 2,software,Miles Waite,70121:94969bbc-eef7-4b93-99d7-210bad207087,,Medium,,,,Miles Waite,70121:94969bbc-eef7-4b93-99d7-210bad207087,Miles Waite,70121:94969bbc-eef7-4b93-99d7-210bad207087,24/Jan/26 9:21 PM,24/Jan/26 9:49 PM,,,,0,infrastructure;ingestion,Verify ingestion pipeline is provider-agnostic.,,Miles Waite,70121:94969bbc-eef7-4b93-99d7-210bad207087,,,,,,,,,,,0|i000xr:,,,,10366,FRBP2-20,Infrastructure & Code Quality Improvements,To Do,24/Jan/26 9:21 PM
Check for hardcoded model references,FRBP2-59,10405,Task,To Do,FRBP2,FCS RAG Bot - Phase 2,software,Miles Waite,70121:94969bbc-eef7-4b93-99d7-210bad207087,,Medium,,,,Miles Waite,70121:94969bbc-eef7-4b93-99d7-210bad207087,Miles Waite,70121:94969bbc-eef7-4b93-99d7-210bad207087,24/Jan/26 9:21 PM,24/Jan/26 9:49 PM,,,,0,infrastructure;code-quality,Search codebase for hardcoded model names and replace with configuration-based references.,,Miles Waite,70121:94969bbc-eef7-4b93-99d7-210bad207087,,,,,,,,,,,0|i000xj:,,,,10366,FRBP2-20,Infrastructure & Code Quality Improvements,To Do,24/Jan/26 9:21 PM
Verify embeddings still work correctly,FRBP2-58,10404,Task,To Do,FRBP2,FCS RAG Bot - Phase 2,software,Miles Waite,70121:94969bbc-eef7-4b93-99d7-210bad207087,,Medium,,,,Miles Waite,70121:94969bbc-eef7-4b93-99d7-210bad207087,Miles Waite,70121:94969bbc-eef7-4b93-99d7-210bad207087,24/Jan/26 9:21 PM,24/Jan/26 9:49 PM,,,,0,infrastructure;embeddings,Ensure embeddings are functioning properly with current setup.,,Miles Waite,70121:94969bbc-eef7-4b93-99d7-210bad207087,,,,,,,,,,,0|i000xb:,,,,10366,FRBP2-20,Infrastructure & Code Quality Improvements,To Do,24/Jan/26 9:21 PM
Add error recovery strategies,FRBP2-57,10403,Task,To Do,FRBP2,FCS RAG Bot - Phase 2,software,Miles Waite,70121:94969bbc-eef7-4b93-99d7-210bad207087,,Medium,,,,Miles Waite,70121:94969bbc-eef7-4b93-99d7-210bad207087,Miles Waite,70121:94969bbc-eef7-4b93-99d7-210bad207087,24/Jan/26 9:21 PM,24/Jan/26 9:49 PM,,,,0,llm-provider;error-handling,Automatic retry with exponential backoff. Fallback to alternative provider on failure. Graceful degradation.,,Miles Waite,70121:94969bbc-eef7-4b93-99d7-210bad207087,,,,,,,,,,,0|i000x3:,,,,10365,FRBP2-19,LLM Provider Compatibility Fixes,To Do,24/Jan/26 9:21 PM
Add provider-specific error handling,FRBP2-56,10402,Task,To Do,FRBP2,FCS RAG Bot - Phase 2,software,Miles Waite,70121:94969bbc-eef7-4b93-99d7-210bad207087,,Medium,,,,Miles Waite,70121:94969bbc-eef7-4b93-99d7-210bad207087,Miles Waite,70121:94969bbc-eef7-4b93-99d7-210bad207087,24/Jan/26 9:21 PM,24/Jan/26 9:49 PM,,,,0,llm-provider;error-handling,"Anthropic-specific errors (rate limits, API errors). OpenAI-specific errors. Better error messages for users.",,Miles Waite,70121:94969bbc-eef7-4b93-99d7-210bad207087,,,,,,,,,,,0|i000wv:,,,,10365,FRBP2-19,LLM Provider Compatibility Fixes,To Do,24/Jan/26 9:21 PM
Add provider-specific analytics,FRBP2-55,10401,Task,To Do,FRBP2,FCS RAG Bot - Phase 2,software,Miles Waite,70121:94969bbc-eef7-4b93-99d7-210bad207087,,Medium,,,,Miles Waite,70121:94969bbc-eef7-4b93-99d7-210bad207087,Miles Waite,70121:94969bbc-eef7-4b93-99d7-210bad207087,24/Jan/26 9:21 PM,24/Jan/26 9:49 PM,,,,0,llm-provider;analytics,"Cost tracking per provider. Performance comparison (latency, token usage). Error rate comparison.",,Miles Waite,70121:94969bbc-eef7-4b93-99d7-210bad207087,,,,,,,,,,,0|i000wn:,,,,10365,FRBP2-19,LLM Provider Compatibility Fixes,To Do,24/Jan/26 9:21 PM
Add LLM provider/model tracking to query logs,FRBP2-54,10400,Task,To Do,FRBP2,FCS RAG Bot - Phase 2,software,Miles Waite,70121:94969bbc-eef7-4b93-99d7-210bad207087,,Medium,,,,Miles Waite,70121:94969bbc-eef7-4b93-99d7-210bad207087,Miles Waite,70121:94969bbc-eef7-4b93-99d7-210bad207087,24/Jan/26 9:21 PM,24/Jan/26 9:49 PM,,,,0,llm-provider;logging,Add llm_provider field to QueryLog model. Add model_name field to QueryLog model. Update log_query_async() to accept provider/model parameters. Pass provider/model from query endpoint to logger.,,Miles Waite,70121:94969bbc-eef7-4b93-99d7-210bad207087,,,,,,,,,,,0|i000wf:,,,,10365,FRBP2-19,LLM Provider Compatibility Fixes,To Do,24/Jan/26 9:21 PM
Update cache keys to include LLM provider,FRBP2-53,10399,Task,To Do,FRBP2,FCS RAG Bot - Phase 2,software,Miles Waite,70121:94969bbc-eef7-4b93-99d7-210bad207087,,Medium,,,,Miles Waite,70121:94969bbc-eef7-4b93-99d7-210bad207087,Miles Waite,70121:94969bbc-eef7-4b93-99d7-210bad207087,24/Jan/26 9:21 PM,24/Jan/26 9:49 PM,,,,0,llm-provider;caching;bug-fix,"Location: backend/src/api/routes/query.py (lines 204-207). Include provider in cache key: f""{llm_provider}:{question}"". Prevents cross-provider cache hits (GPT-4o response returned for Claude query).",,Miles Waite,70121:94969bbc-eef7-4b93-99d7-210bad207087,,,,,,,,,,,0|i000w7:,,,,10365,FRBP2-19,LLM Provider Compatibility Fixes,To Do,24/Jan/26 9:21 PM
Create Vena API analytics and monitoring,FRBP2-52,10398,Task,To Do,FRBP2,FCS RAG Bot - Phase 2,software,Miles Waite,70121:94969bbc-eef7-4b93-99d7-210bad207087,,Medium,,,,Miles Waite,70121:94969bbc-eef7-4b93-99d7-210bad207087,Miles Waite,70121:94969bbc-eef7-4b93-99d7-210bad207087,24/Jan/26 9:21 PM,24/Jan/26 9:49 PM,,,,0,vena-api;monitoring,Track API call frequency and costs. Monitor API response times. Track data freshness metrics. Alert on API errors or failures. Dashboard for Vena API health.,,Miles Waite,70121:94969bbc-eef7-4b93-99d7-210bad207087,,,,,,,,,,,0|i000vz:,,,,10364,FRBP2-18,Vena API Integration & Data Pulling,To Do,24/Jan/26 9:21 PM
Add real-time data update capabilities,FRBP2-51,10397,Task,To Do,FRBP2,FCS RAG Bot - Phase 2,software,Miles Waite,70121:94969bbc-eef7-4b93-99d7-210bad207087,,Medium,,,,Miles Waite,70121:94969bbc-eef7-4b93-99d7-210bad207087,Miles Waite,70121:94969bbc-eef7-4b93-99d7-210bad207087,24/Jan/26 9:21 PM,24/Jan/26 9:49 PM,,,,0,vena-api;real-time,Webhook support for Vena data changes (if available). Polling mechanism for data updates. Event-driven cache invalidation. Real-time sync status dashboard. Notification system for sync failures.,,Miles Waite,70121:94969bbc-eef7-4b93-99d7-210bad207087,,,,,,,,,,,0|i000vr:,,,,10364,FRBP2-18,Vena API Integration & Data Pulling,To Do,24/Jan/26 9:21 PM
Enhance error handling and retry logic,FRBP2-50,10396,Task,To Do,FRBP2,FCS RAG Bot - Phase 2,software,Miles Waite,70121:94969bbc-eef7-4b93-99d7-210bad207087,,Medium,,,,Miles Waite,70121:94969bbc-eef7-4b93-99d7-210bad207087,Miles Waite,70121:94969bbc-eef7-4b93-99d7-210bad207087,24/Jan/26 9:21 PM,24/Jan/26 9:49 PM,,,,0,vena-api;error-handling,Exponential backoff for rate limits. Retry strategies for transient failures. Circuit breaker pattern for API failures. Graceful degradation when API unavailable. Detailed error logging and alerting.,,Miles Waite,70121:94969bbc-eef7-4b93-99d7-210bad207087,,,,,,,,,,,0|i000vj:,,,,10364,FRBP2-18,Vena API Integration & Data Pulling,To Do,24/Jan/26 9:21 PM
Create data transformation and formatting service,FRBP2-49,10395,Task,To Do,FRBP2,FCS RAG Bot - Phase 2,software,Miles Waite,70121:94969bbc-eef7-4b93-99d7-210bad207087,,Medium,,,,Miles Waite,70121:94969bbc-eef7-4b93-99d7-210bad207087,Miles Waite,70121:94969bbc-eef7-4b93-99d7-210bad207087,24/Jan/26 9:21 PM,24/Jan/26 9:49 PM,24/Jan/26 9:49 PM,,,0,vena-api;data-transformation,Transform Vena API responses to RAG-friendly format. Format hierarchies for prompt injection. Structure dimension members for context. Aggregate intersection data for summaries. Handle large datasets with summarization.,,Miles Waite,70121:94969bbc-eef7-4b93-99d7-210bad207087,,,,,,,,,,,0|i000vb:,,,,10364,FRBP2-18,Vena API Integration & Data Pulling,To Do,24/Jan/26 9:21 PM
Add model ID management system,FRBP2-48,10394,Task,To Do,FRBP2,FCS RAG Bot - Phase 2,software,Miles Waite,70121:94969bbc-eef7-4b93-99d7-210bad207087,,Medium,,,,Miles Waite,70121:94969bbc-eef7-4b93-99d7-210bad207087,Miles Waite,70121:94969bbc-eef7-4b93-99d7-210bad207087,24/Jan/26 9:21 PM,24/Jan/26 9:49 PM,,,,0,vena-api;model-management,"Store model IDs per tenant/user. Model ID discovery and validation. Support for multiple models per tenant. Model metadata storage (name, description, last sync). Admin UI for model ID management.",,Miles Waite,70121:94969bbc-eef7-4b93-99d7-210bad207087,,,,,,,,,,,0|i000v3:,,,,10364,FRBP2-18,Vena API Integration & Data Pulling,To Do,24/Jan/26 9:21 PM
Implement intelligent caching for Vena API data,FRBP2-47,10393,Task,To Do,FRBP2,FCS RAG Bot - Phase 2,software,Miles Waite,70121:94969bbc-eef7-4b93-99d7-210bad207087,,Medium,,,,Miles Waite,70121:94969bbc-eef7-4b93-99d7-210bad207087,Miles Waite,70121:94969bbc-eef7-4b93-99d7-210bad207087,24/Jan/26 9:21 PM,24/Jan/26 9:49 PM,,,,0,vena-api;caching,"Cache dimensions, members, and hierarchies. Cache intersection data with TTL based on data type. Cache invalidation strategies (time-based, event-based). Multi-level caching (memory + Redis). Cache warming for frequently accessed data.",,Miles Waite,70121:94969bbc-eef7-4b93-99d7-210bad207087,,,,,,,,,,,0|i000uv:,,,,10364,FRBP2-18,Vena API Integration & Data Pulling,To Do,24/Jan/26 9:21 PM
Create data synchronization service,FRBP2-46,10392,Task,To Do,FRBP2,FCS RAG Bot - Phase 2,software,Miles Waite,70121:94969bbc-eef7-4b93-99d7-210bad207087,,Medium,,,,Miles Waite,70121:94969bbc-eef7-4b93-99d7-210bad207087,Miles Waite,70121:94969bbc-eef7-4b93-99d7-210bad207087,24/Jan/26 9:21 PM,24/Jan/26 9:49 PM,,,,0,vena-api;data-sync,Background job to periodically pull Vena tenant data. Incremental updates (only changed data). Full sync capability for initial setup. Conflict resolution for concurrent updates. Sync status tracking and reporting.,,Miles Waite,70121:94969bbc-eef7-4b93-99d7-210bad207087,,,,,,,,,,,0|i000un:,,,,10364,FRBP2-18,Vena API Integration & Data Pulling,To Do,24/Jan/26 9:21 PM
Enhance Vena API client with additional endpoints,FRBP2-45,10391,Task,To Do,FRBP2,FCS RAG Bot - Phase 2,software,Miles Waite,70121:94969bbc-eef7-4b93-99d7-210bad207087,,Medium,,,,Miles Waite,70121:94969bbc-eef7-4b93-99d7-210bad207087,Miles Waite,70121:94969bbc-eef7-4b93-99d7-210bad207087,24/Jan/26 9:21 PM,24/Jan/26 9:49 PM,,,,0,vena-api;integration,Implement model listing/discovery (if available). Add support for dimension hierarchies endpoint. Add support for member relationships (parent/child). Implement pagination for large datasets. Add rate limiting and request throttling.,,Miles Waite,70121:94969bbc-eef7-4b93-99d7-210bad207087,,,,,,,,,,,0|i000uf:,,,,10364,FRBP2-18,Vena API Integration & Data Pulling,To Do,24/Jan/26 9:21 PM
Create document analytics,FRBP2-44,10390,Task,To Do,FRBP2,FCS RAG Bot - Phase 2,software,Miles Waite,70121:94969bbc-eef7-4b93-99d7-210bad207087,,Medium,,,,Miles Waite,70121:94969bbc-eef7-4b93-99d7-210bad207087,Miles Waite,70121:94969bbc-eef7-4b93-99d7-210bad207087,24/Jan/26 9:21 PM,24/Jan/26 9:49 PM,,,,0,document-management;analytics,Track which documents are most frequently retrieved. Identify unused or outdated documents. Document quality metrics.,,Miles Waite,70121:94969bbc-eef7-4b93-99d7-210bad207087,,,,,,,,,,,0|i000u7:,,,,10363,FRBP2-17,Enhanced Document Management System,To Do,24/Jan/26 9:21 PM
Add document search and filtering,FRBP2-43,10389,Task,To Do,FRBP2,FCS RAG Bot - Phase 2,software,Miles Waite,70121:94969bbc-eef7-4b93-99d7-210bad207087,,Medium,,,,Miles Waite,70121:94969bbc-eef7-4b93-99d7-210bad207087,Miles Waite,70121:94969bbc-eef7-4b93-99d7-210bad207087,24/Jan/26 9:21 PM,24/Jan/26 9:49 PM,,,,0,document-management;search,"Search documents by name, content, metadata. Filter by status, category, date range. Bulk operations (approve/reject multiple).",,Miles Waite,70121:94969bbc-eef7-4b93-99d7-210bad207087,,,,,,,,,,,0|i000tz:,,,,10363,FRBP2-17,Enhanced Document Management System,To Do,24/Jan/26 9:21 PM
Improve document metadata tracking,FRBP2-42,10388,Task,To Do,FRBP2,FCS RAG Bot - Phase 2,software,Miles Waite,70121:94969bbc-eef7-4b93-99d7-210bad207087,,Medium,,,,Miles Waite,70121:94969bbc-eef7-4b93-99d7-210bad207087,Miles Waite,70121:94969bbc-eef7-4b93-99d7-210bad207087,24/Jan/26 9:21 PM,24/Jan/26 9:49 PM,,,,0,document-management;metadata,"Store document source, author, last modified date. Track document approval status and workflow. Store document categories/tags.",,Miles Waite,70121:94969bbc-eef7-4b93-99d7-210bad207087,,,,,,,,,,,0|i000tr:,,,,10363,FRBP2-17,Enhanced Document Management System,To Do,24/Jan/26 9:21 PM
Add document versioning,FRBP2-41,10387,Task,To Do,FRBP2,FCS RAG Bot - Phase 2,software,Miles Waite,70121:94969bbc-eef7-4b93-99d7-210bad207087,,Medium,,,,Miles Waite,70121:94969bbc-eef7-4b93-99d7-210bad207087,Miles Waite,70121:94969bbc-eef7-4b93-99d7-210bad207087,24/Jan/26 9:21 PM,24/Jan/26 9:49 PM,,,,0,document-management;versioning,Track document versions in database. Support document updates without full re-ingestion. Incremental ingestion (only changed documents).,,Miles Waite,70121:94969bbc-eef7-4b93-99d7-210bad207087,,,,,,,,,,,0|i000tj:,,,,10363,FRBP2-17,Enhanced Document Management System,To Do,24/Jan/26 9:21 PM
Create prompt optimization workflow,FRBP2-40,10386,Task,To Do,FRBP2,FCS RAG Bot - Phase 2,software,Miles Waite,70121:94969bbc-eef7-4b93-99d7-210bad207087,,Medium,,,,Miles Waite,70121:94969bbc-eef7-4b93-99d7-210bad207087,Miles Waite,70121:94969bbc-eef7-4b93-99d7-210bad207087,24/Jan/26 9:21 PM,24/Jan/26 9:49 PM,,,,0,prompt-engineering;optimization,Iterative improvement process. Version control for prompt experiments. Rollback capability.,,Miles Waite,70121:94969bbc-eef7-4b93-99d7-210bad207087,,,,,,,,,,,0|i000tb:,,,,10362,FRBP2-16,Prompt Engineering & Optimization Framework,To Do,24/Jan/26 9:21 PM
Add prompt analytics dashboard,FRBP2-39,10385,Task,To Do,FRBP2,FCS RAG Bot - Phase 2,software,Miles Waite,70121:94969bbc-eef7-4b93-99d7-210bad207087,,Medium,,,,Miles Waite,70121:94969bbc-eef7-4b93-99d7-210bad207087,Miles Waite,70121:94969bbc-eef7-4b93-99d7-210bad207087,24/Jan/26 9:21 PM,24/Jan/26 9:49 PM,,,,0,prompt-engineering;analytics,Track prompt performance metrics. Compare versions side-by-side. Identify prompt weaknesses.,,Miles Waite,70121:94969bbc-eef7-4b93-99d7-210bad207087,,,,,,,,,,,0|i000t3:,,,,10362,FRBP2-16,Prompt Engineering & Optimization Framework,To Do,24/Jan/26 9:21 PM
Create prompt testing framework,FRBP2-38,10384,Task,To Do,FRBP2,FCS RAG Bot - Phase 2,software,Miles Waite,70121:94969bbc-eef7-4b93-99d7-210bad207087,,Medium,,,,Miles Waite,70121:94969bbc-eef7-4b93-99d7-210bad207087,Miles Waite,70121:94969bbc-eef7-4b93-99d7-210bad207087,24/Jan/26 9:21 PM,24/Jan/26 9:49 PM,,,,0,prompt-engineering;testing,"Test suite for prompt variations. Automated evaluation metrics (accuracy, relevance, hallucination rate). A/B testing infrastructure.",,Miles Waite,70121:94969bbc-eef7-4b93-99d7-210bad207087,,,,,,,,,,,0|i000sv:,,,,10362,FRBP2-16,Prompt Engineering & Optimization Framework,To Do,24/Jan/26 9:21 PM
Modularize prompts into reusable components,FRBP2-37,10383,Task,To Do,FRBP2,FCS RAG Bot - Phase 2,software,Miles Waite,70121:94969bbc-eef7-4b93-99d7-210bad207087,,Medium,,,,Miles Waite,70121:94969bbc-eef7-4b93-99d7-210bad207087,Miles Waite,70121:94969bbc-eef7-4b93-99d7-210bad207087,24/Jan/26 9:21 PM,24/Jan/26 9:49 PM,,,,0,prompt-engineering;modularization,"Break down monolithic prompts into smaller, reusable modules. Create prompt component library (anti-hallucination rules, VenaQL syntax rules, source citation guidelines, etc.). Support component versioning and composition. Create component registry with metadata (purpose, usage, dependencies). Enable mix-and-match prompt building from components. Support component inheritance and overrides. Add component testing and validation.",,Miles Waite,70121:94969bbc-eef7-4b93-99d7-210bad207087,,,,,,,,,,,0|i000sn:,,,,10361,FRBP2-15,Prompt Context Injection & Templating System,To Do,24/Jan/26 9:21 PM
Create prompt template system,FRBP2-36,10382,Task,To Do,FRBP2,FCS RAG Bot - Phase 2,software,Miles Waite,70121:94969bbc-eef7-4b93-99d7-210bad207087,,Medium,,,,Miles Waite,70121:94969bbc-eef7-4b93-99d7-210bad207087,Miles Waite,70121:94969bbc-eef7-4b93-99d7-210bad207087,24/Jan/26 9:21 PM,24/Jan/26 9:49 PM,,,,0,prompt-engineering;templating,Support Jinja2-style templating for prompts. Allow dynamic sections based on query analysis. Support prompt composition (base + specialized sections).,,Miles Waite,70121:94969bbc-eef7-4b93-99d7-210bad207087,,,,,,,,,,,0|i000sf:,,,,10361,FRBP2-15,Prompt Context Injection & Templating System,To Do,24/Jan/26 9:21 PM
Add context injection to RAG pipeline,FRBP2-35,10381,Task,To Do,FRBP2,FCS RAG Bot - Phase 2,software,Miles Waite,70121:94969bbc-eef7-4b93-99d7-210bad207087,,Medium,,,,Miles Waite,70121:94969bbc-eef7-4b93-99d7-210bad207087,Miles Waite,70121:94969bbc-eef7-4b93-99d7-210bad207087,24/Jan/26 9:21 PM,24/Jan/26 9:49 PM,,,,0,prompt-engineering;rag-pipeline,Inject user role/tenant-specific instructions. Inject query type-specific guidelines (VenaQL vs general questions). Inject recent conversation context.,,Miles Waite,70121:94969bbc-eef7-4b93-99d7-210bad207087,,,,,,,,,,,0|i000s7:,,,,10361,FRBP2-15,Prompt Context Injection & Templating System,To Do,24/Jan/26 9:21 PM
Create dynamic context injection service,FRBP2-34,10380,Task,To Do,FRBP2,FCS RAG Bot - Phase 2,software,Miles Waite,70121:94969bbc-eef7-4b93-99d7-210bad207087,,Medium,,,,Miles Waite,70121:94969bbc-eef7-4b93-99d7-210bad207087,Miles Waite,70121:94969bbc-eef7-4b93-99d7-210bad207087,24/Jan/26 9:21 PM,24/Jan/26 9:49 PM,,,,0,prompt-engineering;context-injection,"Support variable injection (user context, tenant info, query metadata). Support conditional prompt sections based on query type. Support few-shot example injection based on query similarity.",,Miles Waite,70121:94969bbc-eef7-4b93-99d7-210bad207087,,,,,,,,,,,0|i000rz:,,,,10361,FRBP2-15,Prompt Context Injection & Templating System,To Do,24/Jan/26 9:21 PM
Add performance tracking for prompts,FRBP2-33,10379,Task,To Do,FRBP2,FCS RAG Bot - Phase 2,software,Miles Waite,70121:94969bbc-eef7-4b93-99d7-210bad207087,,Medium,,,,Miles Waite,70121:94969bbc-eef7-4b93-99d7-210bad207087,Miles Waite,70121:94969bbc-eef7-4b93-99d7-210bad207087,24/Jan/26 9:21 PM,24/Jan/26 9:49 PM,,,,0,sentry;performance,"Track prompt execution time, token usage per prompt version, error rates per prompt version.",,Miles Waite,70121:94969bbc-eef7-4b93-99d7-210bad207087,,,,,,,,,,,0|i000rr:,,,,10360,FRBP2-14,Sentry Integration with Prompt Breadcrumbs,To Do,24/Jan/26 9:21 PM
Create prompt-specific Sentry context,FRBP2-32,10378,Task,To Do,FRBP2,FCS RAG Bot - Phase 2,software,Miles Waite,70121:94969bbc-eef7-4b93-99d7-210bad207087,,Medium,,,,Miles Waite,70121:94969bbc-eef7-4b93-99d7-210bad207087,Miles Waite,70121:94969bbc-eef7-4b93-99d7-210bad207087,24/Jan/26 9:21 PM,24/Jan/26 9:48 PM,,,,0,sentry;observability,Add prompt metadata to Sentry scope before LLM calls. Include prompt in error context when LLM errors occur.,,Miles Waite,70121:94969bbc-eef7-4b93-99d7-210bad207087,,,,,,,,,,,0|i000rj:,,,,10360,FRBP2-14,Sentry Integration with Prompt Breadcrumbs,To Do,24/Jan/26 9:21 PM
Add custom Sentry tags for prompts,FRBP2-31,10377,Task,To Do,FRBP2,FCS RAG Bot - Phase 2,software,Miles Waite,70121:94969bbc-eef7-4b93-99d7-210bad207087,,Medium,,,,Miles Waite,70121:94969bbc-eef7-4b93-99d7-210bad207087,Miles Waite,70121:94969bbc-eef7-4b93-99d7-210bad207087,24/Jan/26 9:21 PM,24/Jan/26 9:48 PM,,,,0,sentry;observability,"Add tags: prompt_version, prompt_type (system/user), llm_provider, model_name.",,Miles Waite,70121:94969bbc-eef7-4b93-99d7-210bad207087,,,,,,,,,,,0|i000rb:,,,,10360,FRBP2-14,Sentry Integration with Prompt Breadcrumbs,To Do,24/Jan/26 9:21 PM
Add Sentry breadcrumbs for prompt execution,FRBP2-30,10376,Task,To Do,FRBP2,FCS RAG Bot - Phase 2,software,Miles Waite,70121:94969bbc-eef7-4b93-99d7-210bad207087,,Medium,,,,Miles Waite,70121:94969bbc-eef7-4b93-99d7-210bad207087,Miles Waite,70121:94969bbc-eef7-4b93-99d7-210bad207087,24/Jan/26 9:21 PM,24/Jan/26 9:48 PM,,,,0,sentry;observability,"Log prompt version used, prompt template (truncated if too long), context documents count and sources, LLM provider and model used, token counts (input/output).",,Miles Waite,70121:94969bbc-eef7-4b93-99d7-210bad207087,,,,,,,,,,,0|i000r3:,,,,10360,FRBP2-14,Sentry Integration with Prompt Breadcrumbs,To Do,24/Jan/26 9:21 PM
Add prompt version to configuration,FRBP2-29,10375,Task,To Do,FRBP2,FCS RAG Bot - Phase 2,software,Miles Waite,70121:94969bbc-eef7-4b93-99d7-210bad207087,,Medium,,,,Miles Waite,70121:94969bbc-eef7-4b93-99d7-210bad207087,Miles Waite,70121:94969bbc-eef7-4b93-99d7-210bad207087,24/Jan/26 9:21 PM,24/Jan/26 9:48 PM,,,,0,prompt-management;configuration,"Environment variable: PROMPT_VERSION (defaults to ""latest""). Support per-tenant prompt versions (future).",,Miles Waite,70121:94969bbc-eef7-4b93-99d7-210bad207087,,,,,,,,,,,0|i000qv:,,,,10359,FRBP2-13,Prompt Versioning & Management System,To Do,24/Jan/26 9:21 PM
Create admin API endpoints for prompt management,FRBP2-28,10374,Task,To Do,FRBP2,FCS RAG Bot - Phase 2,software,Miles Waite,70121:94969bbc-eef7-4b93-99d7-210bad207087,,Medium,,,,Miles Waite,70121:94969bbc-eef7-4b93-99d7-210bad207087,Miles Waite,70121:94969bbc-eef7-4b93-99d7-210bad207087,24/Jan/26 9:21 PM,24/Jan/26 9:48 PM,,,,0,prompt-management;api,GET /api/admin/prompts - List all prompt versions. POST /api/admin/prompts - Create new prompt version. PUT /api/admin/prompts/{version}/activate - Activate a version. GET /api/admin/prompts/{version} - Get specific version.,,Miles Waite,70121:94969bbc-eef7-4b93-99d7-210bad207087,,,,,,,,,,,0|i000qn:,,,,10359,FRBP2-13,Prompt Versioning & Management System,To Do,24/Jan/26 9:21 PM
Add prompt version tracking to query logs,FRBP2-27,10373,Task,To Do,FRBP2,FCS RAG Bot - Phase 2,software,Miles Waite,70121:94969bbc-eef7-4b93-99d7-210bad207087,,Medium,,,,Miles Waite,70121:94969bbc-eef7-4b93-99d7-210bad207087,Miles Waite,70121:94969bbc-eef7-4b93-99d7-210bad207087,24/Jan/26 9:21 PM,24/Jan/26 9:48 PM,24/Jan/26 9:46 PM,,,0,prompt-management;logging,Log which prompt version was used for each query. Enable analytics on prompt performance.,,Miles Waite,70121:94969bbc-eef7-4b93-99d7-210bad207087,,,,,,,,,,,0|i000qf:,,,,10359,FRBP2-13,Prompt Versioning & Management System,To Do,24/Jan/26 9:21 PM
Create prompt management service,FRBP2-26,10372,Task,To Do,FRBP2,FCS RAG Bot - Phase 2,software,Miles Waite,70121:94969bbc-eef7-4b93-99d7-210bad207087,,Medium,,,,Miles Waite,70121:94969bbc-eef7-4b93-99d7-210bad207087,Miles Waite,70121:94969bbc-eef7-4b93-99d7-210bad207087,24/Jan/26 9:21 PM,24/Jan/26 9:48 PM,,,,0,prompt-management;backend,"Create backend/src/services/prompt_manager.py with CRUD operations for prompts, version comparison and diff functionality, and A/B testing support (run multiple versions simultaneously).",,Miles Waite,70121:94969bbc-eef7-4b93-99d7-210bad207087,,,,,,,,,,,0|i000q7:,,,,10359,FRBP2-13,Prompt Versioning & Management System,To Do,24/Jan/26 9:21 PM
Create prompt versioning database schema,FRBP2-25,10371,Task,To Do,FRBP2,FCS RAG Bot - Phase 2,software,Miles Waite,70121:94969bbc-eef7-4b93-99d7-210bad207087,,Medium,,,,Miles Waite,70121:94969bbc-eef7-4b93-99d7-210bad207087,Miles Waite,70121:94969bbc-eef7-4b93-99d7-210bad207087,24/Jan/26 9:21 PM,24/Jan/26 9:48 PM,24/Jan/26 9:46 PM,,,0,prompt-management;database,"Store prompt versions with metadata (version number, date, author, description). Track which version is active/production. Support rollback to previous versions.",,Miles Waite,70121:94969bbc-eef7-4b93-99d7-210bad207087,,,,,,,,,,,0|i000pz:,,,,10359,FRBP2-13,Prompt Versioning & Management System,To Do,24/Jan/26 9:21 PM
Monitoring & Analytics Dashboards,FRBP2-24,10370,Epic,To Do,FRBP2,FCS RAG Bot - Phase 2,software,Miles Waite,70121:94969bbc-eef7-4b93-99d7-210bad207087,,Medium,,,,Miles Waite,70121:94969bbc-eef7-4b93-99d7-210bad207087,Miles Waite,70121:94969bbc-eef7-4b93-99d7-210bad207087,24/Jan/26 9:21 PM,24/Jan/26 9:21 PM,,,,0,monitoring;analytics;low-priority,"Build comprehensive monitoring and analytics dashboards for prompts, performance, and costs.",,Miles Waite,70121:94969bbc-eef7-4b93-99d7-210bad207087,,,,,,,,,,,0|i000pr:,,,,,,,To Do,24/Jan/26 9:21 PM
Advanced Prompt Features,FRBP2-23,10369,Epic,To Do,FRBP2,FCS RAG Bot - Phase 2,software,Miles Waite,70121:94969bbc-eef7-4b93-99d7-210bad207087,,Medium,,,,Miles Waite,70121:94969bbc-eef7-4b93-99d7-210bad207087,Miles Waite,70121:94969bbc-eef7-4b93-99d7-210bad207087,24/Jan/26 9:21 PM,24/Jan/26 9:21 PM,,,,0,prompt-engineering;advanced-features;low-priority,Implement advanced prompt features for enhanced personalization and context awareness.,,Miles Waite,70121:94969bbc-eef7-4b93-99d7-210bad207087,,,,,,,,,,,0|i000pj:,,,,,,,To Do,24/Jan/26 9:21 PM
Documentation & Knowledge Base Updates,FRBP2-22,10368,Epic,To Do,FRBP2,FCS RAG Bot - Phase 2,software,Miles Waite,70121:94969bbc-eef7-4b93-99d7-210bad207087,,Medium,,,,Miles Waite,70121:94969bbc-eef7-4b93-99d7-210bad207087,Miles Waite,70121:94969bbc-eef7-4b93-99d7-210bad207087,24/Jan/26 9:21 PM,24/Jan/26 9:21 PM,,,,0,documentation;low-priority,Update and enhance documentation for new systems and features.,,Miles Waite,70121:94969bbc-eef7-4b93-99d7-210bad207087,,,,,,,,,,,0|i000pb:,,,,,,,To Do,24/Jan/26 9:21 PM
Testing & Quality Assurance,FRBP2-21,10367,Epic,To Do,FRBP2,FCS RAG Bot - Phase 2,software,Miles Waite,70121:94969bbc-eef7-4b93-99d7-210bad207087,,Medium,,,,Miles Waite,70121:94969bbc-eef7-4b93-99d7-210bad207087,Miles Waite,70121:94969bbc-eef7-4b93-99d7-210bad207087,24/Jan/26 9:21 PM,24/Jan/26 9:21 PM,,,,0,testing;qa;low-priority,Create comprehensive testing framework for prompts and ensure quality through automated testing.,,Miles Waite,70121:94969bbc-eef7-4b93-99d7-210bad207087,,,,,,,,,,,0|i000p3:,,,,,,,To Do,24/Jan/26 9:21 PM
Infrastructure & Code Quality Improvements,FRBP2-20,10366,Epic,To Do,FRBP2,FCS RAG Bot - Phase 2,software,Miles Waite,70121:94969bbc-eef7-4b93-99d7-210bad207087,,Medium,,,,Miles Waite,70121:94969bbc-eef7-4b93-99d7-210bad207087,Miles Waite,70121:94969bbc-eef7-4b93-99d7-210bad207087,24/Jan/26 9:21 PM,24/Jan/26 9:21 PM,,,,0,infrastructure;code-quality;medium-priority,"Review and improve infrastructure components, remove hardcoded references, and enhance code quality.",,Miles Waite,70121:94969bbc-eef7-4b93-99d7-210bad207087,,,,,,,,,,,0|i000ov:,,,,,,,To Do,24/Jan/26 9:21 PM
LLM Provider Compatibility Fixes,FRBP2-19,10365,Epic,To Do,FRBP2,FCS RAG Bot - Phase 2,software,Miles Waite,70121:94969bbc-eef7-4b93-99d7-210bad207087,,Medium,,,,Miles Waite,70121:94969bbc-eef7-4b93-99d7-210bad207087,Miles Waite,70121:94969bbc-eef7-4b93-99d7-210bad207087,24/Jan/26 9:21 PM,24/Jan/26 9:21 PM,,,,0,llm-provider;compatibility;medium-priority,"Fix compatibility issues and enhance support for multiple LLM providers (OpenAI, Anthropic) with proper caching, logging, and error handling.",,Miles Waite,70121:94969bbc-eef7-4b93-99d7-210bad207087,,,,,,,,,,,0|i000on:,,,,,,,To Do,24/Jan/26 9:21 PM
Vena API Integration & Data Pulling,FRBP2-18,10364,Epic,To Do,FRBP2,FCS RAG Bot - Phase 2,software,Miles Waite,70121:94969bbc-eef7-4b93-99d7-210bad207087,,Medium,,,,Miles Waite,70121:94969bbc-eef7-4b93-99d7-210bad207087,Miles Waite,70121:94969bbc-eef7-4b93-99d7-210bad207087,24/Jan/26 9:21 PM,24/Jan/26 9:21 PM,,,,0,vena-api;data-sync;high-priority,"Enhance Vena API integration to pull and synchronize tenant data (dimensions, hierarchies, intersections, model structure) with intelligent caching, real-time updates, and comprehensive error handling.",,Miles Waite,70121:94969bbc-eef7-4b93-99d7-210bad207087,,,,,,,,,,,0|i000of:,,,,,,,To Do,24/Jan/26 9:21 PM
Enhanced Document Management System,FRBP2-17,10363,Epic,To Do,FRBP2,FCS RAG Bot - Phase 2,software,Miles Waite,70121:94969bbc-eef7-4b93-99d7-210bad207087,,Medium,,,,Miles Waite,70121:94969bbc-eef7-4b93-99d7-210bad207087,Miles Waite,70121:94969bbc-eef7-4b93-99d7-210bad207087,24/Jan/26 9:21 PM,24/Jan/26 9:21 PM,,,,0,document-management;high-priority,"Improve document management with versioning, enhanced metadata, search capabilities, and analytics.",,Miles Waite,70121:94969bbc-eef7-4b93-99d7-210bad207087,,,,,,,,,,,0|i000o7:,,,,,,,To Do,24/Jan/26 9:21 PM
Prompt Engineering & Optimization Framework,FRBP2-16,10362,Epic,To Do,FRBP2,FCS RAG Bot - Phase 2,software,Miles Waite,70121:94969bbc-eef7-4b93-99d7-210bad207087,,Medium,,,,Miles Waite,70121:94969bbc-eef7-4b93-99d7-210bad207087,Miles Waite,70121:94969bbc-eef7-4b93-99d7-210bad207087,24/Jan/26 9:21 PM,24/Jan/26 9:21 PM,,,,0,prompt-engineering;optimization;high-priority,"Build tools and workflows for testing, analyzing, and optimizing prompts systematically.",,Miles Waite,70121:94969bbc-eef7-4b93-99d7-210bad207087,,,,,,,,,,,0|i000nz:,,,,,,,To Do,24/Jan/26 9:21 PM
Prompt Context Injection & Templating System,FRBP2-15,10361,Epic,To Do,FRBP2,FCS RAG Bot - Phase 2,software,Miles Waite,70121:94969bbc-eef7-4b93-99d7-210bad207087,,Medium,,,,Miles Waite,70121:94969bbc-eef7-4b93-99d7-210bad207087,Miles Waite,70121:94969bbc-eef7-4b93-99d7-210bad207087,24/Jan/26 9:21 PM,24/Jan/26 9:21 PM,,,,0,prompt-engineering;context-injection;high-priority,"Implement dynamic prompt context injection and templating to support personalized, query-specific prompts.",,Miles Waite,70121:94969bbc-eef7-4b93-99d7-210bad207087,,,,,,,,,,,0|i000nr:,,,,,,,To Do,24/Jan/26 9:21 PM
Sentry Integration with Prompt Breadcrumbs,FRBP2-14,10360,Epic,To Do,FRBP2,FCS RAG Bot - Phase 2,software,Miles Waite,70121:94969bbc-eef7-4b93-99d7-210bad207087,,Medium,,,,Miles Waite,70121:94969bbc-eef7-4b93-99d7-210bad207087,Miles Waite,70121:94969bbc-eef7-4b93-99d7-210bad207087,24/Jan/26 9:21 PM,24/Jan/26 9:21 PM,24/Jan/26 9:50 PM,,,0,sentry-integration;observability;high-priority,Enhance Sentry error tracking with detailed prompt execution breadcrumbs and context for better debugging and monitoring.,,Miles Waite,70121:94969bbc-eef7-4b93-99d7-210bad207087,,,,,,,,,,,0|i000nj:,,,,,,,To Do,24/Jan/26 9:21 PM
Prompt Versioning & Management System,FRBP2-13,10359,Epic,To Do,FRBP2,FCS RAG Bot - Phase 2,software,Miles Waite,70121:94969bbc-eef7-4b93-99d7-210bad207087,,Medium,,,,Miles Waite,70121:94969bbc-eef7-4b93-99d7-210bad207087,Miles Waite,70121:94969bbc-eef7-4b93-99d7-210bad207087,24/Jan/26 9:21 PM,24/Jan/26 9:21 PM,,,,0,prompt-management;high-priority,"Implement a comprehensive prompt versioning system to track, manage, and deploy prompt changes with rollback capabilities.",,Miles Waite,70121:94969bbc-eef7-4b93-99d7-210bad207087,,,,,,,,,,,0|i000nb:,,,,,,,To Do,24/Jan/26 9:21 PM
Monitoring & Analytics Dashboards,FRBP2-12,10358,Epic,To Do,FRBP2,FCS RAG Bot - Phase 2,software,Miles Waite,70121:94969bbc-eef7-4b93-99d7-210bad207087,,Medium,,,,Miles Waite,70121:94969bbc-eef7-4b93-99d7-210bad207087,Miles Waite,70121:94969bbc-eef7-4b93-99d7-210bad207087,24/Jan/26 9:18 PM,24/Jan/26 9:18 PM,,,,0,monitoring;analytics;low-priority,"Build comprehensive monitoring and analytics dashboards for prompts, performance, and costs.",,Miles Waite,70121:94969bbc-eef7-4b93-99d7-210bad207087,,,,,,,,,,,0|i000n3:,,,,,,,To Do,24/Jan/26 9:18 PM
Advanced Prompt Features,FRBP2-11,10357,Epic,To Do,FRBP2,FCS RAG Bot - Phase 2,software,Miles Waite,70121:94969bbc-eef7-4b93-99d7-210bad207087,,Medium,,,,Miles Waite,70121:94969bbc-eef7-4b93-99d7-210bad207087,Miles Waite,70121:94969bbc-eef7-4b93-99d7-210bad207087,24/Jan/26 9:18 PM,24/Jan/26 9:18 PM,,,,0,prompt-engineering;advanced-features;low-priority,Implement advanced prompt features for enhanced personalization and context awareness.,,Miles Waite,70121:94969bbc-eef7-4b93-99d7-210bad207087,,,,,,,,,,,0|i000mv:,,,,,,,To Do,24/Jan/26 9:18 PM
Documentation & Knowledge Base Updates,FRBP2-10,10356,Epic,To Do,FRBP2,FCS RAG Bot - Phase 2,software,Miles Waite,70121:94969bbc-eef7-4b93-99d7-210bad207087,,Medium,,,,Miles Waite,70121:94969bbc-eef7-4b93-99d7-210bad207087,Miles Waite,70121:94969bbc-eef7-4b93-99d7-210bad207087,24/Jan/26 9:18 PM,24/Jan/26 9:18 PM,,,,0,documentation;low-priority,Update and enhance documentation for new systems and features.,,Miles Waite,70121:94969bbc-eef7-4b93-99d7-210bad207087,,,,,,,,,,,0|i000mn:,,,,,,,To Do,24/Jan/26 9:18 PM
Testing & Quality Assurance,FRBP2-9,10355,Epic,To Do,FRBP2,FCS RAG Bot - Phase 2,software,Miles Waite,70121:94969bbc-eef7-4b93-99d7-210bad207087,,Medium,,,,Miles Waite,70121:94969bbc-eef7-4b93-99d7-210bad207087,Miles Waite,70121:94969bbc-eef7-4b93-99d7-210bad207087,24/Jan/26 9:18 PM,24/Jan/26 9:18 PM,,,,0,testing;qa;low-priority,Create comprehensive testing framework for prompts and ensure quality through automated testing.,,Miles Waite,70121:94969bbc-eef7-4b93-99d7-210bad207087,,,,,,,,,,,0|i000mf:,,,,,,,To Do,24/Jan/26 9:18 PM
Infrastructure & Code Quality Improvements,FRBP2-8,10354,Epic,To Do,FRBP2,FCS RAG Bot - Phase 2,software,Miles Waite,70121:94969bbc-eef7-4b93-99d7-210bad207087,,Medium,,,,Miles Waite,70121:94969bbc-eef7-4b93-99d7-210bad207087,Miles Waite,70121:94969bbc-eef7-4b93-99d7-210bad207087,24/Jan/26 9:18 PM,24/Jan/26 9:18 PM,,,,0,infrastructure;code-quality;medium-priority,"Review and improve infrastructure components, remove hardcoded references, and enhance code quality.",,Miles Waite,70121:94969bbc-eef7-4b93-99d7-210bad207087,,,,,,,,,,,0|i000m7:,,,,,,,To Do,24/Jan/26 9:18 PM
LLM Provider Compatibility Fixes,FRBP2-7,10353,Epic,To Do,FRBP2,FCS RAG Bot - Phase 2,software,Miles Waite,70121:94969bbc-eef7-4b93-99d7-210bad207087,,Medium,,,,Miles Waite,70121:94969bbc-eef7-4b93-99d7-210bad207087,Miles Waite,70121:94969bbc-eef7-4b93-99d7-210bad207087,24/Jan/26 9:18 PM,24/Jan/26 9:18 PM,,,,0,llm-provider;compatibility;medium-priority,"Fix compatibility issues and enhance support for multiple LLM providers (OpenAI, Anthropic) with proper caching, logging, and error handling.",,Miles Waite,70121:94969bbc-eef7-4b93-99d7-210bad207087,,,,,,,,,,,0|i000lz:,,,,,,,To Do,24/Jan/26 9:18 PM
Vena API Integration & Data Pulling,FRBP2-6,10352,Epic,To Do,FRBP2,FCS RAG Bot - Phase 2,software,Miles Waite,70121:94969bbc-eef7-4b93-99d7-210bad207087,,Medium,,,,Miles Waite,70121:94969bbc-eef7-4b93-99d7-210bad207087,Miles Waite,70121:94969bbc-eef7-4b93-99d7-210bad207087,24/Jan/26 9:18 PM,24/Jan/26 9:18 PM,,,,0,vena-api;data-sync;high-priority,"Enhance Vena API integration to pull and synchronize tenant data (dimensions, hierarchies, intersections, model structure) with intelligent caching, real-time updates, and comprehensive error handling.",,Miles Waite,70121:94969bbc-eef7-4b93-99d7-210bad207087,,,,,,,,,,,0|i000lr:,,,,,,,To Do,24/Jan/26 9:18 PM
Enhanced Document Management System,FRBP2-5,10351,Epic,To Do,FRBP2,FCS RAG Bot - Phase 2,software,Miles Waite,70121:94969bbc-eef7-4b93-99d7-210bad207087,,Medium,,,,Miles Waite,70121:94969bbc-eef7-4b93-99d7-210bad207087,Miles Waite,70121:94969bbc-eef7-4b93-99d7-210bad207087,24/Jan/26 9:18 PM,24/Jan/26 9:18 PM,24/Jan/26 9:47 PM,,,0,document-management;high-priority,"Improve document management with versioning, enhanced metadata, search capabilities, and analytics.",,Miles Waite,70121:94969bbc-eef7-4b93-99d7-210bad207087,,,,,,,,,,,0|i000lj:,,,,,,,To Do,24/Jan/26 9:18 PM
Prompt Engineering & Optimization Framework,FRBP2-4,10350,Epic,To Do,FRBP2,FCS RAG Bot - Phase 2,software,Miles Waite,70121:94969bbc-eef7-4b93-99d7-210bad207087,,Medium,,,,Miles Waite,70121:94969bbc-eef7-4b93-99d7-210bad207087,Miles Waite,70121:94969bbc-eef7-4b93-99d7-210bad207087,24/Jan/26 9:18 PM,24/Jan/26 9:18 PM,,,,0,prompt-engineering;optimization;high-priority,"Build tools and workflows for testing, analyzing, and optimizing prompts systematically.",,Miles Waite,70121:94969bbc-eef7-4b93-99d7-210bad207087,,,,,,,,,,,0|i000lb:,,,,,,,To Do,24/Jan/26 9:18 PM
Prompt Context Injection & Templating System,FRBP2-3,10349,Epic,To Do,FRBP2,FCS RAG Bot - Phase 2,software,Miles Waite,70121:94969bbc-eef7-4b93-99d7-210bad207087,,Medium,,,,Miles Waite,70121:94969bbc-eef7-4b93-99d7-210bad207087,Miles Waite,70121:94969bbc-eef7-4b93-99d7-210bad207087,24/Jan/26 9:18 PM,24/Jan/26 9:18 PM,,,,0,prompt-engineering;context-injection;high-priority,"Implement dynamic prompt context injection and templating to support personalized, query-specific prompts.",,Miles Waite,70121:94969bbc-eef7-4b93-99d7-210bad207087,,,,,,,,,,,0|i000l3:,,,,,,,To Do,24/Jan/26 9:18 PM
Sentry Integration with Prompt Breadcrumbs,FRBP2-2,10348,Epic,To Do,FRBP2,FCS RAG Bot - Phase 2,software,Miles Waite,70121:94969bbc-eef7-4b93-99d7-210bad207087,,Medium,,,,Miles Waite,70121:94969bbc-eef7-4b93-99d7-210bad207087,Miles Waite,70121:94969bbc-eef7-4b93-99d7-210bad207087,24/Jan/26 9:18 PM,24/Jan/26 9:18 PM,24/Jan/26 9:49 PM,,,0,sentry-integration;observability;high-priority,Enhance Sentry error tracking with detailed prompt execution breadcrumbs and context for better debugging and monitoring.,,Miles Waite,70121:94969bbc-eef7-4b93-99d7-210bad207087,,,,,,,,,,,0|i000kv:,,,,,,,To Do,24/Jan/26 9:18 PM
Prompt Versioning & Management System,FRBP2-1,10347,Epic,To Do,FRBP2,FCS RAG Bot - Phase 2,software,Miles Waite,70121:94969bbc-eef7-4b93-99d7-210bad207087,,Medium,,,,Miles Waite,70121:94969bbc-eef7-4b93-99d7-210bad207087,Miles Waite,70121:94969bbc-eef7-4b93-99d7-210bad207087,24/Jan/26 9:18 PM,24/Jan/26 9:18 PM,,,,0,prompt-management;high-priority,"Implement a comprehensive prompt versioning system to track, manage, and deploy prompt changes with rollback capabilities.",,Miles Waite,70121:94969bbc-eef7-4b93-99d7-210bad207087,,,,,,,,,,,0|i000kn:,,,,,,,To Do,24/Jan/26 9:18 PM
GDPR Compliance Implementation,,,Epic,To Do,FRBP2,FCS RAG Bot - Phase 2,software,Miles Waite,70121:94969bbc-eef7-4b93-99d7-210bad207087,,Highest,,,,Miles Waite,70121:94969bbc-eef7-4b93-99d7-210bad207087,Miles Waite,70121:94969bbc-eef7-4b93-99d7-210bad207087,25/Jan/26 09:48 AM,25/Jan/26 09:48 AM,,,,,gdpr;compliance;legal;critical,"This epic covers all GDPR compliance requirements for the FCS RAG Bot system, as outlined in the GDPR Compliance Business Requirements Document. The requirements are organized into three phases: Phase 1 (Critical), Phase 2 (High Priority), and Phase 3 (Medium Priority). Reference: GDPR/GDPR_COMPLIANCE_BUSINESS_REQUIREMENTS.md",,Miles Waite,70121:94969bbc-eef7-4b93-99d7-210bad207087,,,,,,,,,,,,,,,,,,To Do,
REQ-001: Data Subject Rights Implementation,,,Task,To Do,FRBP2,FCS RAG Bot - Phase 2,software,Miles Waite,70121:94969bbc-eef7-4b93-99d7-210bad207087,,Highest,,,,Miles Waite,70121:94969bbc-eef7-4b93-99d7-210bad207087,Miles Waite,70121:94969bbc-eef7-4b93-99d7-210bad207087,25/Jan/26 09:48 AM,25/Jan/26 09:48 AM,,,,,gdpr;compliance;phase-1,"*Requirement ID:* REQ-001
*Priority:* Highest
*Phase:* Phase 1
*GDPR Articles:* 15, 17, 20

Users must be able to exercise their fundamental GDPR rights: access to their data, deletion of their data, and export of their data in a portable format. Right of Access (Article 15), Right of Erasure (Article 17), Right to Data Portability (Article 20).

---
_This story is part of the GDPR Compliance Implementation epic._",,Miles Waite,70121:94969bbc-eef7-4b93-99d7-210bad207087,,,,,,,,,,,,,,,GDPR-EPIC,GDPR-EPIC,GDPR Compliance Implementation,To Do,
REQ-002: Automated Data Retention and Deletion,,,Task,To Do,FRBP2,FCS RAG Bot - Phase 2,software,Miles Waite,70121:94969bbc-eef7-4b93-99d7-210bad207087,,Highest,,,,Miles Waite,70121:94969bbc-eef7-4b93-99d7-210bad207087,Miles Waite,70121:94969bbc-eef7-4b93-99d7-210bad207087,25/Jan/26 09:48 AM,25/Jan/26 09:48 AM,,,,,gdpr;compliance;phase-1,"*Requirement ID:* REQ-002
*Priority:* Highest
*Phase:* Phase 1
*GDPR Articles:* 5(1)(e)

The Privacy Policy commits to specific data retention periods: query logs for 90 days, user accounts for active period plus 30 days, and cached data for 24 hours. Implement automated deletion scripts.

---
_This story is part of the GDPR Compliance Implementation epic._",,Miles Waite,70121:94969bbc-eef7-4b93-99d7-210bad207087,,,,,,,,,,,,,,,GDPR-EPIC,GDPR-EPIC,GDPR Compliance Implementation,To Do,
REQ-003: Consent Mechanism,,,Task,To Do,FRBP2,FCS RAG Bot - Phase 2,software,Miles Waite,70121:94969bbc-eef7-4b93-99d7-210bad207087,,Highest,,,,Miles Waite,70121:94969bbc-eef7-4b93-99d7-210bad207087,Miles Waite,70121:94969bbc-eef7-4b93-99d7-210bad207087,25/Jan/26 09:48 AM,25/Jan/26 09:48 AM,,,,,gdpr;compliance;phase-1,"*Requirement ID:* REQ-003
*Priority:* Highest
*Phase:* Phase 1
*GDPR Articles:* 7

The Privacy Policy states that users acknowledge reading and understanding the policy by using the service. However, there is no mechanism to track or record this consent.

---
_This story is part of the GDPR Compliance Implementation epic._",,Miles Waite,70121:94969bbc-eef7-4b93-99d7-210bad207087,,,,,,,,,,,,,,,GDPR-EPIC,GDPR-EPIC,GDPR Compliance Implementation,To Do,
REQ-004: Third-Party Data Processing Agreement Verification,,,Task,To Do,FRBP2,FCS RAG Bot - Phase 2,software,Miles Waite,70121:94969bbc-eef7-4b93-99d7-210bad207087,,Highest,,,,Miles Waite,70121:94969bbc-eef7-4b93-99d7-210bad207087,Miles Waite,70121:94969bbc-eef7-4b93-99d7-210bad207087,25/Jan/26 09:48 AM,25/Jan/26 09:48 AM,,,,,gdpr;compliance;phase-1,"*Requirement ID:* REQ-004
*Priority:* Highest
*Phase:* Phase 1
*GDPR Articles:* 28

The Privacy Policy states that all third-party processors are bound by data processing agreements. However, these agreements have not been verified.

---
_This story is part of the GDPR Compliance Implementation epic._",,Miles Waite,70121:94969bbc-eef7-4b93-99d7-210bad207087,,,,,,,,,,,,,,,GDPR-EPIC,GDPR-EPIC,GDPR Compliance Implementation,To Do,
REQ-005: Right to Restriction of Processing,,,Task,To Do,FRBP2,FCS RAG Bot - Phase 2,software,Miles Waite,70121:94969bbc-eef7-4b93-99d7-210bad207087,,High,,,,Miles Waite,70121:94969bbc-eef7-4b93-99d7-210bad207087,Miles Waite,70121:94969bbc-eef7-4b93-99d7-210bad207087,25/Jan/26 09:48 AM,25/Jan/26 09:48 AM,,,,,gdpr;compliance;phase-2,"*Requirement ID:* REQ-005
*Priority:* High
*Phase:* Phase 2
*GDPR Articles:* 18

Users have the right to request restriction of processing in certain circumstances. Implement restriction mechanism with user table field and processing logic.

---
_This story is part of the GDPR Compliance Implementation epic._",,Miles Waite,70121:94969bbc-eef7-4b93-99d7-210bad207087,,,,,,,,,,,,,,,GDPR-EPIC,GDPR-EPIC,GDPR Compliance Implementation,To Do,
REQ-006: Right to Object,,,Task,To Do,FRBP2,FCS RAG Bot - Phase 2,software,Miles Waite,70121:94969bbc-eef7-4b93-99d7-210bad207087,,High,,,,Miles Waite,70121:94969bbc-eef7-4b93-99d7-210bad207087,Miles Waite,70121:94969bbc-eef7-4b93-99d7-210bad207087,25/Jan/26 09:48 AM,25/Jan/26 09:48 AM,,,,,gdpr;compliance;phase-2,"*Requirement ID:* REQ-006
*Priority:* High
*Phase:* Phase 2
*GDPR Articles:* 21

Users have the right to object to processing based on legitimate interests. For query logging, users may object if logging is not essential.

---
_This story is part of the GDPR Compliance Implementation epic._",,Miles Waite,70121:94969bbc-eef7-4b93-99d7-210bad207087,,,,,,,,,,,,,,,GDPR-EPIC,GDPR-EPIC,GDPR Compliance Implementation,To Do,
REQ-007: Data Breach Notification Procedures,,,Task,To Do,FRBP2,FCS RAG Bot - Phase 2,software,Miles Waite,70121:94969bbc-eef7-4b93-99d7-210bad207087,,High,,,,Miles Waite,70121:94969bbc-eef7-4b93-99d7-210bad207087,Miles Waite,70121:94969bbc-eef7-4b93-99d7-210bad207087,25/Jan/26 09:48 AM,25/Jan/26 09:48 AM,,,,,gdpr;compliance;phase-2,"*Requirement ID:* REQ-007
*Priority:* High
*Phase:* Phase 2
*GDPR Articles:* 33, 34

GDPR requires notification of data breaches to supervisory authorities within 72 hours and to affected users if high risk. Create breach detection and notification procedures.

---
_This story is part of the GDPR Compliance Implementation epic._",,Miles Waite,70121:94969bbc-eef7-4b93-99d7-210bad207087,,,,,,,,,,,,,,,GDPR-EPIC,GDPR-EPIC,GDPR Compliance Implementation,To Do,
REQ-008: Security Verification and Documentation,,,Task,To Do,FRBP2,FCS RAG Bot - Phase 2,software,Miles Waite,70121:94969bbc-eef7-4b93-99d7-210bad207087,,High,,,,Miles Waite,70121:94969bbc-eef7-4b93-99d7-210bad207087,Miles Waite,70121:94969bbc-eef7-4b93-99d7-210bad207087,25/Jan/26 09:48 AM,25/Jan/26 09:48 AM,,,,,gdpr;compliance;phase-2,"*Requirement ID:* REQ-008
*Priority:* High
*Phase:* Phase 2
*GDPR Articles:* 32

The Privacy Policy lists security measures including encryption, access controls, and monitoring. These measures must be verified and documented.

---
_This story is part of the GDPR Compliance Implementation epic._",,Miles Waite,70121:94969bbc-eef7-4b93-99d7-210bad207087,,,,,,,,,,,,,,,GDPR-EPIC,GDPR-EPIC,GDPR Compliance Implementation,To Do,
REQ-009: Processing Activities Register (ROPA),,,Task,To Do,FRBP2,FCS RAG Bot - Phase 2,software,Miles Waite,70121:94969bbc-eef7-4b93-99d7-210bad207087,,Medium,,,,Miles Waite,70121:94969bbc-eef7-4b93-99d7-210bad207087,Miles Waite,70121:94969bbc-eef7-4b93-99d7-210bad207087,25/Jan/26 09:48 AM,25/Jan/26 09:48 AM,,,,,gdpr;compliance;phase-3,"*Requirement ID:* REQ-009
*Priority:* Medium
*Phase:* Phase 3
*GDPR Articles:* 30

GDPR requires organisations to maintain a record of processing activities documenting all personal data processing. Create comprehensive ROPA document.

---
_This story is part of the GDPR Compliance Implementation epic._",,Miles Waite,70121:94969bbc-eef7-4b93-99d7-210bad207087,,,,,,,,,,,,,,,GDPR-EPIC,GDPR-EPIC,GDPR Compliance Implementation,To Do,
REQ-010: Data Minimisation Review,,,Task,To Do,FRBP2,FCS RAG Bot - Phase 2,software,Miles Waite,70121:94969bbc-eef7-4b93-99d7-210bad207087,,Medium,,,,Miles Waite,70121:94969bbc-eef7-4b93-99d7-210bad207087,Miles Waite,70121:94969bbc-eef7-4b93-99d7-210bad207087,25/Jan/26 09:48 AM,25/Jan/26 09:48 AM,,,,,gdpr;compliance;phase-3,"*Requirement ID:* REQ-010
*Priority:* Medium
*Phase:* Phase 3
*GDPR Articles:* 5(1)(c)

GDPR requires data minimisation: only collect and process data that is necessary. Review current data collection and implement minimisation where possible.

---
_This story is part of the GDPR Compliance Implementation epic._",,Miles Waite,70121:94969bbc-eef7-4b93-99d7-210bad207087,,,,,,,,,,,,,,,GDPR-EPIC,GDPR-EPIC,GDPR Compliance Implementation,To Do,
REQ-011: Audit Logging,,,Task,To Do,FRBP2,FCS RAG Bot - Phase 2,software,Miles Waite,70121:94969bbc-eef7-4b93-99d7-210bad207087,,Medium,,,,Miles Waite,70121:94969bbc-eef7-4b93-99d7-210bad207087,Miles Waite,70121:94969bbc-eef7-4b93-99d7-210bad207087,25/Jan/26 09:48 AM,25/Jan/26 09:48 AM,,,,,gdpr;compliance;phase-3,"*Requirement ID:* REQ-011
*Priority:* Medium
*Phase:* Phase 3
*GDPR Articles:* 30, 32

Audit logs are required to track data access, modifications, and security events. These logs must be retained for 7 years for compliance purposes.

---
_This story is part of the GDPR Compliance Implementation epic._",,Miles Waite,70121:94969bbc-eef7-4b93-99d7-210bad207087,,,,,,,,,,,,,,,GDPR-EPIC,GDPR-EPIC,GDPR Compliance Implementation,To Do,
REQ-012: Data Protection Impact Assessment (DPIA),,,Task,To Do,FRBP2,FCS RAG Bot - Phase 2,software,Miles Waite,70121:94969bbc-eef7-4b93-99d7-210bad207087,,Medium,,,,Miles Waite,70121:94969bbc-eef7-4b93-99d7-210bad207087,Miles Waite,70121:94969bbc-eef7-4b93-99d7-210bad207087,25/Jan/26 09:48 AM,25/Jan/26 09:48 AM,,,,,gdpr;compliance;phase-3,"*Requirement ID:* REQ-012
*Priority:* Medium
*Phase:* Phase 3
*GDPR Articles:* 35

A DPIA is required for high-risk processing activities. The system processes personal data using AI/ML technologies, which may constitute high-risk processing.

---
_This story is part of the GDPR Compliance Implementation epic._",,Miles Waite,70121:94969bbc-eef7-4b93-99d7-210bad207087,,,,,,,,,,,,,,,GDPR-EPIC,GDPR-EPIC,GDPR Compliance Implementation,To Do,
GDPR Compliance Implementation,,,Epic,To Do,FRBP2,FCS RAG Bot - Phase 2,software,Miles Waite,70121:94969bbc-eef7-4b93-99d7-210bad207087,,Highest,,,,Miles Waite,70121:94969bbc-eef7-4b93-99d7-210bad207087,Miles Waite,70121:94969bbc-eef7-4b93-99d7-210bad207087,25/Jan/26 09:48 AM,25/Jan/26 09:48 AM,,,,,gdpr;compliance;legal;critical,"This epic covers all GDPR compliance requirements for the FCS RAG Bot system, as outlined in the GDPR Compliance Business Requirements Document. The requirements are organized into three phases: Phase 1 (Critical), Phase 2 (High Priority), and Phase 3 (Medium Priority). Reference: GDPR/GDPR_COMPLIANCE_BUSINESS_REQUIREMENTS.md",,Miles Waite,70121:94969bbc-eef7-4b93-99d7-210bad207087,,,,,,,,,,,,,,,,,,To Do,
REQ-001: Data Subject Rights Implementation,,,Task,To Do,FRBP2,FCS RAG Bot - Phase 2,software,Miles Waite,70121:94969bbc-eef7-4b93-99d7-210bad207087,,Highest,,,,Miles Waite,70121:94969bbc-eef7-4b93-99d7-210bad207087,Miles Waite,70121:94969bbc-eef7-4b93-99d7-210bad207087,25/Jan/26 09:48 AM,25/Jan/26 09:48 AM,,,,,gdpr;compliance;phase-1,"*Requirement ID:* REQ-001
*Priority:* Highest
*Phase:* Phase 1
*GDPR Articles:* 15, 17, 20

Users must be able to exercise their fundamental GDPR rights: access to their data, deletion of their data, and export of their data in a portable format. Right of Access (Article 15), Right of Erasure (Article 17), Right to Data Portability (Article 20).

---
_This story is part of the GDPR Compliance Implementation epic._",,Miles Waite,70121:94969bbc-eef7-4b93-99d7-210bad207087,,,,,,,,,,,,,,,GDPR-EPIC,GDPR-EPIC,GDPR Compliance Implementation,To Do,
REQ-002: Automated Data Retention and Deletion,,,Task,To Do,FRBP2,FCS RAG Bot - Phase 2,software,Miles Waite,70121:94969bbc-eef7-4b93-99d7-210bad207087,,Highest,,,,Miles Waite,70121:94969bbc-eef7-4b93-99d7-210bad207087,Miles Waite,70121:94969bbc-eef7-4b93-99d7-210bad207087,25/Jan/26 09:48 AM,25/Jan/26 09:48 AM,,,,,gdpr;compliance;phase-1,"*Requirement ID:* REQ-002
*Priority:* Highest
*Phase:* Phase 1
*GDPR Articles:* 5(1)(e)

The Privacy Policy commits to specific data retention periods: query logs for 90 days, user accounts for active period plus 30 days, and cached data for 24 hours. Implement automated deletion scripts.

---
_This story is part of the GDPR Compliance Implementation epic._",,Miles Waite,70121:94969bbc-eef7-4b93-99d7-210bad207087,,,,,,,,,,,,,,,GDPR-EPIC,GDPR-EPIC,GDPR Compliance Implementation,To Do,
REQ-003: Consent Mechanism,,,Task,To Do,FRBP2,FCS RAG Bot - Phase 2,software,Miles Waite,70121:94969bbc-eef7-4b93-99d7-210bad207087,,Highest,,,,Miles Waite,70121:94969bbc-eef7-4b93-99d7-210bad207087,Miles Waite,70121:94969bbc-eef7-4b93-99d7-210bad207087,25/Jan/26 09:48 AM,25/Jan/26 09:48 AM,,,,,gdpr;compliance;phase-1,"*Requirement ID:* REQ-003
*Priority:* Highest
*Phase:* Phase 1
*GDPR Articles:* 7

The Privacy Policy states that users acknowledge reading and understanding the policy by using the service. However, there is no mechanism to track or record this consent.

---
_This story is part of the GDPR Compliance Implementation epic._",,Miles Waite,70121:94969bbc-eef7-4b93-99d7-210bad207087,,,,,,,,,,,,,,,GDPR-EPIC,GDPR-EPIC,GDPR Compliance Implementation,To Do,
REQ-004: Third-Party Data Processing Agreement Verification,,,Task,To Do,FRBP2,FCS RAG Bot - Phase 2,software,Miles Waite,70121:94969bbc-eef7-4b93-99d7-210bad207087,,Highest,,,,Miles Waite,70121:94969bbc-eef7-4b93-99d7-210bad207087,Miles Waite,70121:94969bbc-eef7-4b93-99d7-210bad207087,25/Jan/26 09:48 AM,25/Jan/26 09:48 AM,,,,,gdpr;compliance;phase-1,"*Requirement ID:* REQ-004
*Priority:* Highest
*Phase:* Phase 1
*GDPR Articles:* 28

The Privacy Policy states that all third-party processors are bound by data processing agreements. However, these agreements have not been verified.

---
_This story is part of the GDPR Compliance Implementation epic._",,Miles Waite,70121:94969bbc-eef7-4b93-99d7-210bad207087,,,,,,,,,,,,,,,GDPR-EPIC,GDPR-EPIC,GDPR Compliance Implementation,To Do,
REQ-005: Right to Restriction of Processing,,,Task,To Do,FRBP2,FCS RAG Bot - Phase 2,software,Miles Waite,70121:94969bbc-eef7-4b93-99d7-210bad207087,,High,,,,Miles Waite,70121:94969bbc-eef7-4b93-99d7-210bad207087,Miles Waite,70121:94969bbc-eef7-4b93-99d7-210bad207087,25/Jan/26 09:48 AM,25/Jan/26 09:48 AM,,,,,gdpr;compliance;phase-2,"*Requirement ID:* REQ-005
*Priority:* High
*Phase:* Phase 2
*GDPR Articles:* 18

Users have the right to request restriction of processing in certain circumstances. Implement restriction mechanism with user table field and processing logic.

---
_This story is part of the GDPR Compliance Implementation epic._",,Miles Waite,70121:94969bbc-eef7-4b93-99d7-210bad207087,,,,,,,,,,,,,,,GDPR-EPIC,GDPR-EPIC,GDPR Compliance Implementation,To Do,
REQ-006: Right to Object,,,Task,To Do,FRBP2,FCS RAG Bot - Phase 2,software,Miles Waite,70121:94969bbc-eef7-4b93-99d7-210bad207087,,High,,,,Miles Waite,70121:94969bbc-eef7-4b93-99d7-210bad207087,Miles Waite,70121:94969bbc-eef7-4b93-99d7-210bad207087,25/Jan/26 09:48 AM,25/Jan/26 09:48 AM,,,,,gdpr;compliance;phase-2,"*Requirement ID:* REQ-006
*Priority:* High
*Phase:* Phase 2
*GDPR Articles:* 21

Users have the right to object to processing based on legitimate interests. For query logging, users may object if logging is not essential.

---
_This story is part of the GDPR Compliance Implementation epic._",,Miles Waite,70121:94969bbc-eef7-4b93-99d7-210bad207087,,,,,,,,,,,,,,,GDPR-EPIC,GDPR-EPIC,GDPR Compliance Implementation,To Do,
REQ-007: Data Breach Notification Procedures,,,Task,To Do,FRBP2,FCS RAG Bot - Phase 2,software,Miles Waite,70121:94969bbc-eef7-4b93-99d7-210bad207087,,High,,,,Miles Waite,70121:94969bbc-eef7-4b93-99d7-210bad207087,Miles Waite,70121:94969bbc-eef7-4b93-99d7-210bad207087,25/Jan/26 09:48 AM,25/Jan/26 09:48 AM,,,,,gdpr;compliance;phase-2,"*Requirement ID:* REQ-007
*Priority:* High
*Phase:* Phase 2
*GDPR Articles:* 33, 34

GDPR requires notification of data breaches to supervisory authorities within 72 hours and to affected users if high risk. Create breach detection and notification procedures.

---
_This story is part of the GDPR Compliance Implementation epic._",,Miles Waite,70121:94969bbc-eef7-4b93-99d7-210bad207087,,,,,,,,,,,,,,,GDPR-EPIC,GDPR-EPIC,GDPR Compliance Implementation,To Do,
REQ-008: Security Verification and Documentation,,,Task,To Do,FRBP2,FCS RAG Bot - Phase 2,software,Miles Waite,70121:94969bbc-eef7-4b93-99d7-210bad207087,,High,,,,Miles Waite,70121:94969bbc-eef7-4b93-99d7-210bad207087,Miles Waite,70121:94969bbc-eef7-4b93-99d7-210bad207087,25/Jan/26 09:48 AM,25/Jan/26 09:48 AM,,,,,gdpr;compliance;phase-2,"*Requirement ID:* REQ-008
*Priority:* High
*Phase:* Phase 2
*GDPR Articles:* 32

The Privacy Policy lists security measures including encryption, access controls, and monitoring. These measures must be verified and documented.

---
_This story is part of the GDPR Compliance Implementation epic._",,Miles Waite,70121:94969bbc-eef7-4b93-99d7-210bad207087,,,,,,,,,,,,,,,GDPR-EPIC,GDPR-EPIC,GDPR Compliance Implementation,To Do,
REQ-009: Processing Activities Register (ROPA),,,Task,To Do,FRBP2,FCS RAG Bot - Phase 2,software,Miles Waite,70121:94969bbc-eef7-4b93-99d7-210bad207087,,Medium,,,,Miles Waite,70121:94969bbc-eef7-4b93-99d7-210bad207087,Miles Waite,70121:94969bbc-eef7-4b93-99d7-210bad207087,25/Jan/26 09:48 AM,25/Jan/26 09:48 AM,,,,,gdpr;compliance;phase-3,"*Requirement ID:* REQ-009
*Priority:* Medium
*Phase:* Phase 3
*GDPR Articles:* 30

GDPR requires organisations to maintain a record of processing activities documenting all personal data processing. Create comprehensive ROPA document.

---
_This story is part of the GDPR Compliance Implementation epic._",,Miles Waite,70121:94969bbc-eef7-4b93-99d7-210bad207087,,,,,,,,,,,,,,,GDPR-EPIC,GDPR-EPIC,GDPR Compliance Implementation,To Do,
REQ-010: Data Minimisation Review,,,Task,To Do,FRBP2,FCS RAG Bot - Phase 2,software,Miles Waite,70121:94969bbc-eef7-4b93-99d7-210bad207087,,Medium,,,,Miles Waite,70121:94969bbc-eef7-4b93-99d7-210bad207087,Miles Waite,70121:94969bbc-eef7-4b93-99d7-210bad207087,25/Jan/26 09:48 AM,25/Jan/26 09:48 AM,,,,,gdpr;compliance;phase-3,"*Requirement ID:* REQ-010
*Priority:* Medium
*Phase:* Phase 3
*GDPR Articles:* 5(1)(c)

GDPR requires data minimisation: only collect and process data that is necessary. Review current data collection and implement minimisation where possible.

---
_This story is part of the GDPR Compliance Implementation epic._",,Miles Waite,70121:94969bbc-eef7-4b93-99d7-210bad207087,,,,,,,,,,,,,,,GDPR-EPIC,GDPR-EPIC,GDPR Compliance Implementation,To Do,
REQ-011: Audit Logging,,,Task,To Do,FRBP2,FCS RAG Bot - Phase 2,software,Miles Waite,70121:94969bbc-eef7-4b93-99d7-210bad207087,,Medium,,,,Miles Waite,70121:94969bbc-eef7-4b93-99d7-210bad207087,Miles Waite,70121:94969bbc-eef7-4b93-99d7-210bad207087,25/Jan/26 09:48 AM,25/Jan/26 09:48 AM,,,,,gdpr;compliance;phase-3,"*Requirement ID:* REQ-011
*Priority:* Medium
*Phase:* Phase 3
*GDPR Articles:* 30, 32

Audit logs are required to track data access, modifications, and security events. These logs must be retained for 7 years for compliance purposes.

---
_This story is part of the GDPR Compliance Implementation epic._",,Miles Waite,70121:94969bbc-eef7-4b93-99d7-210bad207087,,,,,,,,,,,,,,,GDPR-EPIC,GDPR-EPIC,GDPR Compliance Implementation,To Do,
REQ-012: Data Protection Impact Assessment (DPIA),,,Task,To Do,FRBP2,FCS RAG Bot - Phase 2,software,Miles Waite,70121:94969bbc-eef7-4b93-99d7-210bad207087,,Medium,,,,Miles Waite,70121:94969bbc-eef7-4b93-99d7-210bad207087,Miles Waite,70121:94969bbc-eef7-4b93-99d7-210bad207087,25/Jan/26 09:48 AM,25/Jan/26 09:48 AM,,,,,gdpr;compliance;phase-3,"*Requirement ID:* REQ-012
*Priority:* Medium
*Phase:* Phase 3
*GDPR Articles:* 35

A DPIA is required for high-risk processing activities. The system processes personal data using AI/ML technologies, which may constitute high-risk processing.

---
_This story is part of the GDPR Compliance Implementation epic._",,Miles Waite,70121:94969bbc-eef7-4b93-99d7-210bad207087,,,,,,,,,,,,,,,GDPR-EPIC,GDPR-EPIC,GDPR Compliance Implementation,To Do,
